{
  "feature_k": 5,
  "k_grid": [
    5,
    6,
    7
  ],
  "val_macroF1_curve": [
    0.8473875758242811,
    0.8245562911501688,
    0.8389607616026931
  ],
  "selected_idx": [
    9,
    1,
    31,
    25,
    28
  ],
  "selected_names": [
    "x_absarea",
    "len_T_sec_fs50",
    "b_energy",
    "z_absarea",
    "b_max"
  ],
  "scaler_mu": [
    9696.605512489234,
    2.1767958656330753,
    4530372.335917313,
    3593.653746770026,
    310.88597211101734
  ],
  "scaler_sd": [
    11760.61578846182,
    0.9017246766715902,
    16176104.135351075,
    5271.252951814603,
    331.95702848732344
  ],
  "softmax_coef": [
    [
      -4.693920226879988,
      -1.838105121430941,
      -0.1614768937271892,
      0.6352191143279845,
      -0.31505422979618036
    ],
    [
      -0.19537650101458767,
      1.1679922089819181,
      4.288410061448252,
      -1.3562482618967242,
      0.1215146246941911
    ],
    [
      4.8892967278945685,
      0.6701129124490235,
      -4.12693316772106,
      0.7210291475687378,
      0.1935396051019841
    ]
  ],
  "softmax_intercept": [
    -1.322062000319392,
    1.6624808638572406,
    -0.34041886353784584
  ],
  "softmax": {
    "acc": 0.8829268292682927,
    "macro_f1": 0.8667061832557689,
    "cm": [
      [
        100,
        3,
        0
      ],
      [
        11,
        43,
        7
      ],
      [
        0,
        3,
        38
      ]
    ]
  },
  "svm": {
    "acc": 0.8439024390243902,
    "macro_f1": 0.8178163672296991,
    "cm": [
      [
        100,
        3,
        0
      ],
      [
        16,
        35,
        10
      ],
      [
        0,
        3,
        38
      ]
    ]
  },
  "dt": {
    "acc": 0.8536585365853658,
    "macro_f1": 0.8387890353092916,
    "cm": [
      [
        95,
        8,
        0
      ],
      [
        10,
        44,
        7
      ],
      [
        0,
        5,
        36
      ]
    ]
  }
}