method,test_acc,test_f1
DTW-ClsMin-Mean + CNN（消融）,0.9609756097560975,0.960804907436156
DTW-ClsMin-DBA + CNN（消融，iter=10),0.9317073170731708,0.9265751104760392
