method,test_acc,test_f1
Replication Control（通道复制，K=4）,0.9219512195121952,0.9110734037204625
DTW-MultiTemplate（K=4）,0.9414634146341463,0.9411657259758526
