{
  "seed": 42,
  "K_grid": [
    3,
    4,
    5,
    6,
    7,
    8
  ],
  "best_by_val": {
    "K": 7,
    "val_acc": 0.8878048780487805,
    "val_f1": 0.8756763283872825,
    "softmax_test_acc": 0.8975609756097561,
    "softmax_test_f1": 0.8838910551697721
  },
  "best_by_test": {
    "K": 8,
    "val_acc": 0.8878048780487805,
    "val_f1": 0.8756763283872825,
    "softmax_test_acc": 0.9024390243902439,
    "softmax_test_f1": 0.8888487830485982
  }
}