method,test_acc,test_f1
DTW-ClsMin-Mean + CNN（消融）,0.8536585365853658,0.8492348504158524
DTW-ClsMin-DBA + CNN（消融，iter=10),0.8878048780487805,0.8815157995914934
