model,runs,param_count,test_acc_mean,test_acc_std,test_macro_f1_mean,test_macro_f1_std,val_macro_f1_mean,val_macro_f1_std
fixed_cnn_1d,1,36323,0.9073170731707317,0.0,0.8997428508851787,0.0,0.9316895893279833,0.0
lstm_h32,1,13411,0.8,0.0,0.7792189795183061,0.0,0.8243316465571527,0.0
lstm_h64,1,51395,0.8048780487804879,0.0,0.7940536463335883,0.0,0.8534429930656345,0.0
