method,test_acc,test_f1
Replication Control (K=4),0.9170731707317074,0.9137711445664068
DTW-MultiTemplate-DBA(K=4) + CNN,0.9414634146341463,0.9378274055693411
