method,test_acc,test_f1
Edge Softmax (K=7),0.8975609756097561,0.8838910551697721
Edge SVM (K=7),0.8634146341463415,0.8433452168746286
Edge DT (K=7),0.8731707317073171,0.8685068787197184
