method,test_acc,test_f1
DTW-ClsMin-Mean + CNN,0.9463414634146341,0.9458972150445017
DTW-ClsMin-DBA(iter=10) + CNN,0.9219512195121952,0.9160785261574821
