method,test_acc,test_f1
Replication Control (K=4),0.9658536585365853,0.962433121027407
DTW-MultiTemplate(K=4),0.9414634146341463,0.9375859912445278
