method,test_acc,test_f1
DTW-ClsMin-Mean + CNN,0.9512195121951219,0.9473906765676569
DTW-ClsMin-DBA(iter=10) + CNN,0.9658536585365853,0.964869918699187
