method,test_acc,test_f1
Edge Softmax (K=4),0.8878048780487805,0.8718269530585285
Edge SVM (K=4),0.8439024390243902,0.8131590976311474
Edge DT (K=4),0.848780487804878,0.8290083005679336
